{
  "text_expert": {
    "accuracy": 0.9,
    "macro_f1": 0.4736842105263158,
    "brier": 0.12276667188716842,
    "ece": 0.6138291072845459
  },
  "vision_expert": {
    "accuracy": 0.9,
    "macro_f1": 0.4736842105263158,
    "brier": 0.09003111768167933,
    "ece": 0.8844988291338086
  },
  "mm_fusion": {
    "accuracy": 0.9,
    "macro_f1": 0.4736842105263158,
    "brier": 0.08550730560385912,
    "ece": 0.7489281076192857
  }
}