{
  "text_expert": 0.40586668252944946,
  "vision_expert": 1.647761344909668,
  "mm_fusion": 0.7356588840484619
}