{
  "text_expert": {
    "abuse_hate": 0.2,
    "best_f1": 0.33333333333333337
  },
  "vision_expert": {
    "abuse_hate": 0.15000000000000002,
    "best_f1": 0.5714285714285715
  },
  "mm_fusion": {
    "abuse_hate": 0.15000000000000002,
    "best_f1": 0.4444444444444445
  }
}