{
  "text_expert": 0.8505802750587463,
  "vision_expert": 0.5144212245941162,
  "mm_fusion": 1.3515019416809082
}