{
  "text_expert": {
    "accuracy": 0.85,
    "macro_f1": 0.45945945945945943,
    "brier": 0.12722012048731096,
    "ece": 0.6669068136811255
  },
  "vision_expert": {
    "accuracy": 0.82,
    "macro_f1": 0.5738636363636364,
    "brier": 0.13332780932850632,
    "ece": 0.5733259925246239
  },
  "mm_fusion": {
    "accuracy": 0.85,
    "macro_f1": 0.45945945945945943,
    "brier": 0.12999686437238636,
    "ece": 0.7615154530107976
  }
}